source,label,S1,S1_conf,ST,ST_conf,capacity_gw
K_structural,K（結構性負荷）,0.6357824934572778,0.06467562152636945,0.622105858390614,0.05124262147551463,80
beta_statistical,β_h（回歸統計）,0.0022724824350410597,0.004431048089538104,0.0033735835803636693,0.0004259036955196055,80
climate,氣候情境,0.362991206198818,0.06245539510233774,0.35898803333705204,0.042399472120557974,80
radiation,輻射縮放（±5%）,0.005030231556376369,0.006998888874700633,0.007754025299406792,0.0009649421878881038,80
