source,label,S1,S1_conf,ST,ST_conf,capacity_gw
K_structural,K（結構性負荷）,0.7827662814854398,0.06912364825958155,0.7713562051013095,0.05844759686473827,60
beta_statistical,β_h（回歸統計）,0.0038252974268852516,0.005666358483781457,0.005016552386980638,0.0005871717425819785,60
climate,氣候情境,0.21348501001912878,0.042669430497534785,0.21012516815534119,0.024775801479712055,60
radiation,輻射縮放（±5%）,0.004738660972545985,0.006828529361772312,0.005989442189722399,0.0006426558954916483,60
