source,label,S1,S1_conf,ST,ST_conf,capacity_gw
K_structural,K（結構性負荷）,0.9063395322980895,0.06663444282155005,0.9018574336831694,0.054054369099053895,40
beta_statistical,β_h（回歸統計）,0.007745562977036803,0.007395997501152347,0.008238926898250488,0.0010204827662843854,40
climate,氣候情境,0.0849803262607705,0.02564896641317399,0.08288905506260229,0.011329294539897948,40
radiation,輻射縮放（±5%）,0.003276773551544249,0.005890945340218162,0.003959989088958579,0.00034214694143259316,40
